{
  "oldParams": true,
  "wave_type": 3,
  "p_env_attack": -0.03220820863923823,
  "p_env_sustain": 0.193,
  "p_env_punch": 0.71,
  "p_env_decay": 0.236,
  "p_base_freq": 0.020350089809634778,
  "p_freq_limit": 0,
  "p_freq_ramp": -0.83,
  "p_freq_dramp": -0.232,
  "p_vib_strength": 0.137,
  "p_vib_speed": 0,
  "p_arp_mod": -0.591,
  "p_arp_speed": 0.030559187550701198,
  "p_duty": 0.05655979337706096,
  "p_duty_ramp": 0.003544388695820251,
  "p_repeat_speed": 0.129,
  "p_pha_offset": 0.601,
  "p_pha_ramp": -0.821,
  "p_lpf_freq": 0.139,
  "p_lpf_ramp": 0.029,
  "p_lpf_resonance": 0,
  "p_hpf_freq": 0.164,
  "p_hpf_ramp": -0.147,
  "sound_vol": 0.25,
  "sample_rate": 44100,
  "sample_size": 16,
  "p_vib_delay": null
}