{
  "oldParams": true,
  "wave_type": 1,
  "p_env_attack": 0.23,
  "p_env_sustain": 0.051571441813245106,
  "p_env_punch": 0,
  "p_env_decay": 0.705,
  "p_base_freq": 0.3736376359904712,
  "p_freq_limit": 0,
  "p_freq_ramp": -0.20259515567799827,
  "p_freq_dramp": -0.10129266438368639,
  "p_vib_strength": -0.009520987881095636,
  "p_vib_speed": 0.6587000431419866,
  "p_arp_mod": -0.2254336317110366,
  "p_arp_speed": 0.9177080629307373,
  "p_duty": 0.09155728474791387,
  "p_duty_ramp": -0.000016209576315566335,
  "p_repeat_speed": 0.817770253609587,
  "p_pha_offset": -0.017767713564172713,
  "p_pha_ramp": -0.018872289726313732,
  "p_lpf_freq": 0.33712312516676474,
  "p_lpf_ramp": -0.07036926935568184,
  "p_lpf_resonance": 0.6064913037409116,
  "p_hpf_freq": 0.009050801689096877,
  "p_hpf_ramp": -0.049613640933540454,
  "sound_vol": 0.25,
  "sample_rate": 44100,
  "sample_size": 16,
  "p_vib_delay": 0.0031776234175192805
}