{
  "oldParams": true,
  "wave_type": 2,
  "p_env_attack": 0.5195068928481621,
  "p_env_sustain": 0.06566798282358412,
  "p_env_punch": 0.03889355494866363,
  "p_env_decay": 0.0656917063881558,
  "p_base_freq": 0.42087986051365256,
  "p_freq_limit": 0.308,
  "p_freq_ramp": 0.11852511673225558,
  "p_freq_dramp": -0.6792859774374711,
  "p_vib_strength": 0.05638676309103312,
  "p_vib_speed": 0.7983648465840814,
  "p_arp_mod": -0.12366234730001471,
  "p_arp_speed": 0.4076634821314343,
  "p_duty": 0.6547609043818003,
  "p_duty_ramp": 0.13687922871256553,
  "p_repeat_speed": 0.6890711822916018,
  "p_pha_offset": 0.23463361595772952,
  "p_pha_ramp": 0.3440153138160936,
  "p_lpf_freq": 0.43932769167048513,
  "p_lpf_ramp": 0.5463241770660464,
  "p_lpf_resonance": 0.19598295496228346,
  "p_hpf_freq": 0.07957398820116393,
  "p_hpf_ramp": 0.015148355206952124,
  "sound_vol": 0.133,
  "sample_rate": 44100,
  "sample_size": 16,
  "p_vib_delay": null
}